<?xml version="1.0" encoding="UTF-8"?>
<project-private xmlns="http://www.netbeans.org/ns/project-private/1">
    <editor-bookmarks xmlns="http://www.netbeans.org/ns/editor-bookmarks/2" lastBookmarkId="0"/>
    <open-files xmlns="http://www.netbeans.org/ns/projectui-open-files/2">
        <group>
            <file>file:/H:/UI_design/src/test_one/Test_design.java</file>
            <file>file:/H:/UI_design/src/test_one/front_page.java</file>
            <file>file:/H:/UI_design/src/test_one/authority.java</file>
            <file>file:/H:/UI_design/src/test_one/log_in_page.java</file>
        </group>
    </open-files>
</project-private>
